"Problem","group","Sample_ID","SPI","Node_from","Node_to","value"
"Smartwatch activity","Running","Train_11","cce_kozachenko","Gyroscope_z","Accelerometer_x",0.108611438351942
"Smartwatch activity","Running","Test_11","cce_kozachenko","Gyroscope_z","Accelerometer_x",0.705508423103533
"Smartwatch activity","Running","Test_12","cce_kozachenko","Gyroscope_z","Accelerometer_x",-0.321345772439333
"Smartwatch activity","Running","Test_13","cce_kozachenko","Gyroscope_z","Accelerometer_x",-0.397835588361212
"Smartwatch activity","Running","Test_14","cce_kozachenko","Gyroscope_z","Accelerometer_x",1.55976935795544
"Smartwatch activity","Running","Test_15","cce_kozachenko","Gyroscope_z","Accelerometer_x",-0.757046703502106
"Smartwatch activity","Running","Test_16","cce_kozachenko","Gyroscope_z","Accelerometer_x",-0.218239195224644
"Smartwatch activity","Running","Test_17","cce_kozachenko","Gyroscope_z","Accelerometer_x",1.0200240390896
"Smartwatch activity","Running","Test_18","cce_kozachenko","Gyroscope_z","Accelerometer_x",0.48693876903928
"Smartwatch activity","Running","Test_19","cce_kozachenko","Gyroscope_z","Accelerometer_x",1.73303117663749
"Smartwatch activity","Running","Test_20","cce_kozachenko","Gyroscope_z","Accelerometer_x",1.07078480502745
"Smartwatch activity","Walking","Test_21","cce_kozachenko","Gyroscope_z","Accelerometer_x",3.80227482906724
"Smartwatch activity","Walking","Test_22","cce_kozachenko","Gyroscope_z","Accelerometer_x",4.94236687533466
"Smartwatch activity","Walking","Test_23","cce_kozachenko","Gyroscope_z","Accelerometer_x",2.64401796759753
"Smartwatch activity","Walking","Test_24","cce_kozachenko","Gyroscope_z","Accelerometer_x",3.86766500413948
"Smartwatch activity","Walking","Test_25","cce_kozachenko","Gyroscope_z","Accelerometer_x",4.33541008967844
"Smartwatch activity","Walking","Test_26","cce_kozachenko","Gyroscope_z","Accelerometer_x",4.8458825891373
"Smartwatch activity","Walking","Test_27","cce_kozachenko","Gyroscope_z","Accelerometer_x",4.12603261432821
"Smartwatch activity","Walking","Test_28","cce_kozachenko","Gyroscope_z","Accelerometer_x",6.15996068834548
"Smartwatch activity","Walking","Test_29","cce_kozachenko","Gyroscope_z","Accelerometer_x",3.62580604432972
"Smartwatch activity","Walking","Test_30","cce_kozachenko","Gyroscope_z","Accelerometer_x",3.6183743653316
"Smartwatch activity","Running","Train_12","cce_kozachenko","Gyroscope_z","Accelerometer_x",-0.289181809527724
"Smartwatch activity","Running","Train_13","cce_kozachenko","Gyroscope_z","Accelerometer_x",0.205507998547107
"Smartwatch activity","Running","Train_14","cce_kozachenko","Gyroscope_z","Accelerometer_x",0.114634881347937
"Smartwatch activity","Running","Train_15","cce_kozachenko","Gyroscope_z","Accelerometer_x",-0.0225092258125524
"Smartwatch activity","Running","Train_16","cce_kozachenko","Gyroscope_z","Accelerometer_x",-0.482148853585507
"Smartwatch activity","Running","Train_17","cce_kozachenko","Gyroscope_z","Accelerometer_x",1.31111683590948
"Smartwatch activity","Running","Train_18","cce_kozachenko","Gyroscope_z","Accelerometer_x",-0.158968692119368
"Smartwatch activity","Running","Train_19","cce_kozachenko","Gyroscope_z","Accelerometer_x",0.294040283670288
"Smartwatch activity","Running","Train_20","cce_kozachenko","Gyroscope_z","Accelerometer_x",1.09220926896487
"Smartwatch activity","Walking","Train_21","cce_kozachenko","Gyroscope_z","Accelerometer_x",4.61668616261887
"Smartwatch activity","Walking","Train_22","cce_kozachenko","Gyroscope_z","Accelerometer_x",2.77464042227415
"Smartwatch activity","Walking","Train_23","cce_kozachenko","Gyroscope_z","Accelerometer_x",3.95629862208231
"Smartwatch activity","Walking","Train_24","cce_kozachenko","Gyroscope_z","Accelerometer_x",3.45062818944861
"Smartwatch activity","Walking","Train_25","cce_kozachenko","Gyroscope_z","Accelerometer_x",4.16280394405997
"Smartwatch activity","Walking","Train_26","cce_kozachenko","Gyroscope_z","Accelerometer_x",3.2507794916148
"Smartwatch activity","Walking","Train_27","cce_kozachenko","Gyroscope_z","Accelerometer_x",4.46470526532784
"Smartwatch activity","Walking","Train_28","cce_kozachenko","Gyroscope_z","Accelerometer_x",3.75495766825574
"Smartwatch activity","Walking","Train_29","cce_kozachenko","Gyroscope_z","Accelerometer_x",5.0397505346309
"Smartwatch activity","Walking","Train_30","cce_kozachenko","Gyroscope_z","Accelerometer_x",4.92099899539462
"EEG state","negativity","Test_144","cce_gaussian","Channel_2","Channel_1",-1.88771080842831
"EEG state","positivity","Test_1","cce_gaussian","Channel_2","Channel_1",-3.66181001516966
"EEG state","negativity","Test_10","cce_gaussian","Channel_2","Channel_1",-3.58639704542363
"EEG state","positivity","Test_100","cce_gaussian","Channel_2","Channel_1",-3.42089485717466
"EEG state","negativity","Test_101","cce_gaussian","Channel_2","Channel_1",-1.04902021730729
"EEG state","negativity","Test_102","cce_gaussian","Channel_2","Channel_1",-2.7197103397853
"EEG state","negativity","Test_103","cce_gaussian","Channel_2","Channel_1",-3.21085759728686
"EEG state","negativity","Test_104","cce_gaussian","Channel_2","Channel_1",-4.28471170343536
"EEG state","positivity","Test_105","cce_gaussian","Channel_2","Channel_1",-6.07848280150566
"EEG state","positivity","Test_106","cce_gaussian","Channel_2","Channel_1",-4.37870625979693
"EEG state","positivity","Test_107","cce_gaussian","Channel_2","Channel_1",-4.47252931283867
"EEG state","positivity","Test_108","cce_gaussian","Channel_2","Channel_1",-3.0789018008035
"EEG state","negativity","Test_109","cce_gaussian","Channel_2","Channel_1",-4.02816995367265
"EEG state","negativity","Test_11","cce_gaussian","Channel_2","Channel_1",-5.55139629298251
"EEG state","positivity","Test_110","cce_gaussian","Channel_2","Channel_1",-3.60401087487474
"EEG state","positivity","Test_111","cce_gaussian","Channel_2","Channel_1",-4.77530143398302
"EEG state","negativity","Test_112","cce_gaussian","Channel_2","Channel_1",-2.88746545873274
"EEG state","negativity","Test_113","cce_gaussian","Channel_2","Channel_1",-2.37458372011119
"EEG state","positivity","Test_114","cce_gaussian","Channel_2","Channel_1",-4.09969910235734
"EEG state","positivity","Test_115","cce_gaussian","Channel_2","Channel_1",-3.52350249845314
"EEG state","negativity","Test_116","cce_gaussian","Channel_2","Channel_1",-1.01070411372846
"EEG state","positivity","Test_117","cce_gaussian","Channel_2","Channel_1",-4.60714403278927
"EEG state","negativity","Test_118","cce_gaussian","Channel_2","Channel_1",-2.41804349293321
"EEG state","positivity","Test_119","cce_gaussian","Channel_2","Channel_1",-3.66239077625251
"EEG state","negativity","Test_12","cce_gaussian","Channel_2","Channel_1",-4.26072273970145
"EEG state","positivity","Test_120","cce_gaussian","Channel_2","Channel_1",-3.70024823573916
"EEG state","negativity","Test_121","cce_gaussian","Channel_2","Channel_1",-1.41464732968841
"EEG state","negativity","Test_122","cce_gaussian","Channel_2","Channel_1",-3.71810710414195
"EEG state","positivity","Test_123","cce_gaussian","Channel_2","Channel_1",-3.09059421530464
"EEG state","negativity","Test_124","cce_gaussian","Channel_2","Channel_1",-2.24297950734393
"EEG state","positivity","Test_125","cce_gaussian","Channel_2","Channel_1",-4.39957876519219
"EEG state","negativity","Test_126","cce_gaussian","Channel_2","Channel_1",-3.96289973907258
"EEG state","negativity","Test_127","cce_gaussian","Channel_2","Channel_1",-1.11987722730081
"EEG state","positivity","Test_128","cce_gaussian","Channel_2","Channel_1",-3.29332198863284
"EEG state","positivity","Test_129","cce_gaussian","Channel_2","Channel_1",-4.00441328692225
"EEG state","positivity","Test_13","cce_gaussian","Channel_2","Channel_1",-4.41095537802496
"EEG state","negativity","Test_130","cce_gaussian","Channel_2","Channel_1",-6.71126378538917
"EEG state","positivity","Test_131","cce_gaussian","Channel_2","Channel_1",-3.50543132386837
"EEG state","positivity","Test_132","cce_gaussian","Channel_2","Channel_1",-5.07200600119635
"EEG state","positivity","Test_133","cce_gaussian","Channel_2","Channel_1",-5.56513531196001
"EEG state","positivity","Test_134","cce_gaussian","Channel_2","Channel_1",-5.74092785070145
"EEG state","negativity","Test_135","cce_gaussian","Channel_2","Channel_1",-2.38394766758195
"EEG state","negativity","Test_136","cce_gaussian","Channel_2","Channel_1",-2.68950260307325
"EEG state","negativity","Test_137","cce_gaussian","Channel_2","Channel_1",0.172717492360064
"EEG state","positivity","Test_138","cce_gaussian","Channel_2","Channel_1",-3.95760523486288
"EEG state","positivity","Test_139","cce_gaussian","Channel_2","Channel_1",-3.82259139779145
"EEG state","negativity","Test_14","cce_gaussian","Channel_2","Channel_1",-4.85131416611431
"EEG state","positivity","Test_140","cce_gaussian","Channel_2","Channel_1",-2.29059385895959
"EEG state","positivity","Test_141","cce_gaussian","Channel_2","Channel_1",-5.32915522267605
"EEG state","negativity","Test_142","cce_gaussian","Channel_2","Channel_1",-4.36348156258495
"EEG state","negativity","Test_143","cce_gaussian","Channel_2","Channel_1",-2.82231661964928
"EEG state","positivity","Test_145","cce_gaussian","Channel_2","Channel_1",-3.61417076534127
"EEG state","negativity","Test_146","cce_gaussian","Channel_2","Channel_1",-0.884882494319527
"EEG state","negativity","Test_147","cce_gaussian","Channel_2","Channel_1",-4.14511435949683
"EEG state","negativity","Test_148","cce_gaussian","Channel_2","Channel_1",-1.40290681646294
"EEG state","negativity","Test_149","cce_gaussian","Channel_2","Channel_1",-2.17578700923727
"EEG state","positivity","Test_15","cce_gaussian","Channel_2","Channel_1",-1.1495604434784
"EEG state","negativity","Test_150","cce_gaussian","Channel_2","Channel_1",-2.5684341471199
"EEG state","negativity","Test_151","cce_gaussian","Channel_2","Channel_1",-2.67722175244227
"EEG state","negativity","Test_152","cce_gaussian","Channel_2","Channel_1",-1.8140890648604
"EEG state","positivity","Test_153","cce_gaussian","Channel_2","Channel_1",-3.65478248210551
"EEG state","positivity","Test_154","cce_gaussian","Channel_2","Channel_1",-3.6989669882472
"EEG state","positivity","Test_155","cce_gaussian","Channel_2","Channel_1",-2.26817985941934
"EEG state","positivity","Test_156","cce_gaussian","Channel_2","Channel_1",-4.14219426264259
"EEG state","positivity","Test_157","cce_gaussian","Channel_2","Channel_1",-3.04604619156429
"EEG state","positivity","Test_158","cce_gaussian","Channel_2","Channel_1",-3.62716961952248
"EEG state","negativity","Test_159","cce_gaussian","Channel_2","Channel_1",-2.87671851297312
"EEG state","positivity","Test_16","cce_gaussian","Channel_2","Channel_1",-4.71717128271925
"EEG state","negativity","Test_160","cce_gaussian","Channel_2","Channel_1",-3.37954807729731
"EEG state","positivity","Test_161","cce_gaussian","Channel_2","Channel_1",-3.9320055410258
"EEG state","positivity","Test_162","cce_gaussian","Channel_2","Channel_1",-4.12951505714282
"EEG state","negativity","Test_163","cce_gaussian","Channel_2","Channel_1",-4.37760415363244
"EEG state","negativity","Test_164","cce_gaussian","Channel_2","Channel_1",-3.06801220079831
"EEG state","negativity","Test_165","cce_gaussian","Channel_2","Channel_1",-2.22932862246034
"EEG state","negativity","Test_166","cce_gaussian","Channel_2","Channel_1",-5.63684786691512
"EEG state","positivity","Test_167","cce_gaussian","Channel_2","Channel_1",-4.11845925837778
"EEG state","negativity","Test_168","cce_gaussian","Channel_2","Channel_1",-5.30098822759449
"EEG state","positivity","Test_169","cce_gaussian","Channel_2","Channel_1",-4.7521294518713
"EEG state","positivity","Test_17","cce_gaussian","Channel_2","Channel_1",-3.86351479192079
"EEG state","positivity","Test_170","cce_gaussian","Channel_2","Channel_1",-5.32580996385995
"EEG state","positivity","Test_171","cce_gaussian","Channel_2","Channel_1",-7.48420494663992
"EEG state","negativity","Test_172","cce_gaussian","Channel_2","Channel_1",-1.66628638806361
"EEG state","negativity","Test_173","cce_gaussian","Channel_2","Channel_1",-3.36537724891676
"EEG state","negativity","Test_174","cce_gaussian","Channel_2","Channel_1",-5.20718655020627
"EEG state","negativity","Test_175","cce_gaussian","Channel_2","Channel_1",-4.98129525214631
"EEG state","negativity","Test_176","cce_gaussian","Channel_2","Channel_1",-4.15415134660393
"EEG state","positivity","Test_177","cce_gaussian","Channel_2","Channel_1",-2.79788762622706
"EEG state","negativity","Test_178","cce_gaussian","Channel_2","Channel_1",-2.81691729995831
"EEG state","positivity","Test_179","cce_gaussian","Channel_2","Channel_1",-1.50207407773785
"EEG state","negativity","Test_18","cce_gaussian","Channel_2","Channel_1",-2.22904611296548
"EEG state","positivity","Test_180","cce_gaussian","Channel_2","Channel_1",-4.97844637996876
"EEG state","negativity","Test_181","cce_gaussian","Channel_2","Channel_1",-4.38138492754296
"EEG state","negativity","Test_182","cce_gaussian","Channel_2","Channel_1",-4.03786798761543
"EEG state","negativity","Test_183","cce_gaussian","Channel_2","Channel_1",-2.90827134087787
"EEG state","positivity","Test_184","cce_gaussian","Channel_2","Channel_1",-4.88174760441655
"EEG state","positivity","Test_185","cce_gaussian","Channel_2","Channel_1",-4.90134909164347
"EEG state","negativity","Test_186","cce_gaussian","Channel_2","Channel_1",-3.09576642715921
"EEG state","positivity","Test_187","cce_gaussian","Channel_2","Channel_1",-2.8471276696482
"EEG state","negativity","Test_188","cce_gaussian","Channel_2","Channel_1",-2.68060116909253
"EEG state","negativity","Test_189","cce_gaussian","Channel_2","Channel_1",-4.35537489231468
"EEG state","negativity","Test_19","cce_gaussian","Channel_2","Channel_1",0.383182008072223
"EEG state","positivity","Test_190","cce_gaussian","Channel_2","Channel_1",-4.16504443808644
"EEG state","positivity","Test_191","cce_gaussian","Channel_2","Channel_1",-2.05660656294218
"EEG state","positivity","Test_192","cce_gaussian","Channel_2","Channel_1",-4.9745621004397
"EEG state","positivity","Test_193","cce_gaussian","Channel_2","Channel_1",-5.62921611367904
"EEG state","negativity","Test_194","cce_gaussian","Channel_2","Channel_1",-3.77421579021071
"EEG state","negativity","Test_195","cce_gaussian","Channel_2","Channel_1",-6.2304295311976
"EEG state","positivity","Test_196","cce_gaussian","Channel_2","Channel_1",-3.37887150031227
"EEG state","positivity","Test_197","cce_gaussian","Channel_2","Channel_1",-2.77053753970097
"EEG state","negativity","Test_198","cce_gaussian","Channel_2","Channel_1",-1.07030496294068
"EEG state","positivity","Test_199","cce_gaussian","Channel_2","Channel_1",-5.14583722698336
"EEG state","positivity","Test_2","cce_gaussian","Channel_2","Channel_1",-2.16430388478012
"EEG state","positivity","Test_20","cce_gaussian","Channel_2","Channel_1",-6.41586301312556
"EEG state","positivity","Test_200","cce_gaussian","Channel_2","Channel_1",-6.33647483809912
"EEG state","negativity","Test_201","cce_gaussian","Channel_2","Channel_1",-2.58476568361781
"EEG state","negativity","Test_202","cce_gaussian","Channel_2","Channel_1",-3.65893632735311
"EEG state","negativity","Test_203","cce_gaussian","Channel_2","Channel_1",-2.96626422413412
"EEG state","negativity","Test_204","cce_gaussian","Channel_2","Channel_1",-4.85235039059281
"EEG state","negativity","Test_205","cce_gaussian","Channel_2","Channel_1",-4.497265600929
"EEG state","positivity","Test_206","cce_gaussian","Channel_2","Channel_1",-3.67452768277287
"EEG state","negativity","Test_207","cce_gaussian","Channel_2","Channel_1",-2.57709981456004
"EEG state","positivity","Test_208","cce_gaussian","Channel_2","Channel_1",-2.82623967082197
"EEG state","negativity","Test_209","cce_gaussian","Channel_2","Channel_1",-2.78608771493832
"EEG state","negativity","Test_21","cce_gaussian","Channel_2","Channel_1",-1.54483591367456
"EEG state","negativity","Test_210","cce_gaussian","Channel_2","Channel_1",-1.40733399686585
"EEG state","positivity","Test_211","cce_gaussian","Channel_2","Channel_1",-4.08513918887803
"EEG state","positivity","Test_212","cce_gaussian","Channel_2","Channel_1",-3.19035832300492
"EEG state","positivity","Test_213","cce_gaussian","Channel_2","Channel_1",-2.8385685043707
"EEG state","positivity","Test_214","cce_gaussian","Channel_2","Channel_1",-6.47292404597476
"EEG state","negativity","Test_215","cce_gaussian","Channel_2","Channel_1",-3.58852737728864
"EEG state","positivity","Test_216","cce_gaussian","Channel_2","Channel_1",-4.84452739809129
"EEG state","negativity","Test_217","cce_gaussian","Channel_2","Channel_1",-2.3537437753155
"EEG state","positivity","Test_218","cce_gaussian","Channel_2","Channel_1",-3.4932835737913
"EEG state","positivity","Test_219","cce_gaussian","Channel_2","Channel_1",-2.99626397073911
"EEG state","negativity","Test_22","cce_gaussian","Channel_2","Channel_1",-4.16968282927368
"EEG state","negativity","Test_220","cce_gaussian","Channel_2","Channel_1",-3.62443733222379
"EEG state","negativity","Test_221","cce_gaussian","Channel_2","Channel_1",-3.45611348651861
"EEG state","negativity","Test_222","cce_gaussian","Channel_2","Channel_1",-5.94583163066196
"EEG state","positivity","Test_223","cce_gaussian","Channel_2","Channel_1",-4.30688994853638
"EEG state","positivity","Test_224","cce_gaussian","Channel_2","Channel_1",-5.19400545845962
"EEG state","positivity","Test_225","cce_gaussian","Channel_2","Channel_1",-3.06130253029307
"EEG state","positivity","Test_226","cce_gaussian","Channel_2","Channel_1",-4.66885561142292
"EEG state","negativity","Test_227","cce_gaussian","Channel_2","Channel_1",-4.25850490984099
"EEG state","positivity","Test_228","cce_gaussian","Channel_2","Channel_1",-3.36256031464521
"EEG state","negativity","Test_229","cce_gaussian","Channel_2","Channel_1",-2.59283705833705
"EEG state","positivity","Test_23","cce_gaussian","Channel_2","Channel_1",-2.70750778857479
"EEG state","negativity","Test_230","cce_gaussian","Channel_2","Channel_1",-2.57153459023651
"EEG state","positivity","Test_231","cce_gaussian","Channel_2","Channel_1",-4.48184249622979
"EEG state","positivity","Test_232","cce_gaussian","Channel_2","Channel_1",-4.82395674647923
"EEG state","negativity","Test_233","cce_gaussian","Channel_2","Channel_1",-3.40243426382726
"EEG state","negativity","Test_234","cce_gaussian","Channel_2","Channel_1",-2.98480001791249
"EEG state","positivity","Test_235","cce_gaussian","Channel_2","Channel_1",-3.14437450009571
"EEG state","negativity","Test_236","cce_gaussian","Channel_2","Channel_1",-2.62649798510884
"EEG state","negativity","Test_237","cce_gaussian","Channel_2","Channel_1",-2.83375876660171
"EEG state","positivity","Test_238","cce_gaussian","Channel_2","Channel_1",-2.84505457523909
"EEG state","negativity","Test_239","cce_gaussian","Channel_2","Channel_1",-2.39396126999934
"EEG state","positivity","Test_24","cce_gaussian","Channel_2","Channel_1",-5.17070349235517
"EEG state","negativity","Test_240","cce_gaussian","Channel_2","Channel_1",-3.25919500164256
"EEG state","positivity","Test_241","cce_gaussian","Channel_2","Channel_1",-5.80167004051112
"EEG state","positivity","Test_242","cce_gaussian","Channel_2","Channel_1",-3.66143692865878
"EEG state","positivity","Test_243","cce_gaussian","Channel_2","Channel_1",-5.07019326443905
"EEG state","positivity","Test_244","cce_gaussian","Channel_2","Channel_1",-4.58385890880755
"EEG state","negativity","Test_245","cce_gaussian","Channel_2","Channel_1",-4.63359958437084
"EEG state","positivity","Test_246","cce_gaussian","Channel_2","Channel_1",-4.10342126670183
"EEG state","negativity","Test_247","cce_gaussian","Channel_2","Channel_1",-3.62441815256975
"EEG state","positivity","Test_248","cce_gaussian","Channel_2","Channel_1",-4.65168384428464
"EEG state","negativity","Test_249","cce_gaussian","Channel_2","Channel_1",-4.41119296497735
"EEG state","negativity","Test_25","cce_gaussian","Channel_2","Channel_1",-2.69961467671309
"EEG state","positivity","Test_250","cce_gaussian","Channel_2","Channel_1",-3.96745320209833
"EEG state","negativity","Test_251","cce_gaussian","Channel_2","Channel_1",-3.88898138981875
"EEG state","negativity","Test_252","cce_gaussian","Channel_2","Channel_1",-3.97969665786922
"EEG state","negativity","Test_253","cce_gaussian","Channel_2","Channel_1",-4.22079903150798
"EEG state","positivity","Test_254","cce_gaussian","Channel_2","Channel_1",-3.64823773279864
"EEG state","positivity","Test_255","cce_gaussian","Channel_2","Channel_1",-5.37213981941791
"EEG state","negativity","Test_256","cce_gaussian","Channel_2","Channel_1",-2.67269224028994
"EEG state","negativity","Test_257","cce_gaussian","Channel_2","Channel_1",-4.46104774520621
"EEG state","positivity","Test_258","cce_gaussian","Channel_2","Channel_1",-4.59080299305966
"EEG state","negativity","Test_259","cce_gaussian","Channel_2","Channel_1",-2.47696119957115
"EEG state","negativity","Test_26","cce_gaussian","Channel_2","Channel_1",-4.22962551782525
"EEG state","positivity","Test_260","cce_gaussian","Channel_2","Channel_1",-6.42334405269547
"EEG state","positivity","Test_261","cce_gaussian","Channel_2","Channel_1",-3.12294436796566
"EEG state","positivity","Test_262","cce_gaussian","Channel_2","Channel_1",-3.55986466823318
"EEG state","positivity","Test_263","cce_gaussian","Channel_2","Channel_1",-3.915970468805
"EEG state","negativity","Test_264","cce_gaussian","Channel_2","Channel_1",-3.80697813371713
"EEG state","negativity","Test_265","cce_gaussian","Channel_2","Channel_1",-4.59964146436455
"EEG state","negativity","Test_266","cce_gaussian","Channel_2","Channel_1",-3.55804102172035
"EEG state","positivity","Test_267","cce_gaussian","Channel_2","Channel_1",-4.49632813928329
"EEG state","positivity","Test_268","cce_gaussian","Channel_2","Channel_1",-4.77926874589947
"EEG state","negativity","Test_269","cce_gaussian","Channel_2","Channel_1",-4.9350243813753
"EEG state","positivity","Test_27","cce_gaussian","Channel_2","Channel_1",-4.25441750851054
"EEG state","negativity","Test_270","cce_gaussian","Channel_2","Channel_1",-2.75266054255422
"EEG state","positivity","Test_271","cce_gaussian","Channel_2","Channel_1",-3.70509870511099
"EEG state","positivity","Test_272","cce_gaussian","Channel_2","Channel_1",-4.24772622904842
"EEG state","positivity","Test_273","cce_gaussian","Channel_2","Channel_1",-2.82194964232839
"EEG state","positivity","Test_274","cce_gaussian","Channel_2","Channel_1",-4.43572878945014
"EEG state","positivity","Test_275","cce_gaussian","Channel_2","Channel_1",-4.53392724565218
"EEG state","positivity","Test_276","cce_gaussian","Channel_2","Channel_1",-4.40246880448253
"EEG state","negativity","Test_277","cce_gaussian","Channel_2","Channel_1",-2.4778869549296
"EEG state","negativity","Test_278","cce_gaussian","Channel_2","Channel_1",-2.181276947314
"EEG state","positivity","Test_279","cce_gaussian","Channel_2","Channel_1",-2.81623325329023
"EEG state","positivity","Test_28","cce_gaussian","Channel_2","Channel_1",-5.15375636468745
"EEG state","positivity","Test_280","cce_gaussian","Channel_2","Channel_1",-5.01704611631161
"EEG state","negativity","Test_281","cce_gaussian","Channel_2","Channel_1",-3.33684311785388
"EEG state","negativity","Test_282","cce_gaussian","Channel_2","Channel_1",-3.31828695096938
"EEG state","positivity","Test_283","cce_gaussian","Channel_2","Channel_1",-5.37101478546593
"EEG state","positivity","Test_284","cce_gaussian","Channel_2","Channel_1",-5.88852614036628
"EEG state","positivity","Test_285","cce_gaussian","Channel_2","Channel_1",-3.56332288570458
"EEG state","negativity","Test_286","cce_gaussian","Channel_2","Channel_1",-2.84767281991059
"EEG state","negativity","Test_287","cce_gaussian","Channel_2","Channel_1",-2.29447206342801
"EEG state","positivity","Test_288","cce_gaussian","Channel_2","Channel_1",-4.26311629108238
"EEG state","positivity","Test_289","cce_gaussian","Channel_2","Channel_1",-2.48338468570376
"EEG state","positivity","Test_29","cce_gaussian","Channel_2","Channel_1",-3.97032022843221
"EEG state","negativity","Test_290","cce_gaussian","Channel_2","Channel_1",0.0388679815408082
"EEG state","negativity","Test_291","cce_gaussian","Channel_2","Channel_1",-2.88008930928849
"EEG state","positivity","Test_292","cce_gaussian","Channel_2","Channel_1",-3.82376201631371
"EEG state","positivity","Test_293","cce_gaussian","Channel_2","Channel_1",-3.05345694804509
"EEG state","positivity","Test_3","cce_gaussian","Channel_2","Channel_1",-2.87553977358464
"EEG state","negativity","Test_30","cce_gaussian","Channel_2","Channel_1",-3.2137321572177
"EEG state","negativity","Test_31","cce_gaussian","Channel_2","Channel_1",-3.4744808904452
"EEG state","positivity","Test_32","cce_gaussian","Channel_2","Channel_1",-4.26160063066168
"EEG state","negativity","Test_33","cce_gaussian","Channel_2","Channel_1",-3.3302738910382
"EEG state","positivity","Test_34","cce_gaussian","Channel_2","Channel_1",-7.14299094722862
"EEG state","negativity","Test_35","cce_gaussian","Channel_2","Channel_1",-2.64217317599798
"EEG state","positivity","Test_36","cce_gaussian","Channel_2","Channel_1",-4.35524667066374
"EEG state","positivity","Test_37","cce_gaussian","Channel_2","Channel_1",-3.4198454595042
"EEG state","positivity","Test_38","cce_gaussian","Channel_2","Channel_1",-4.12084431377014
"EEG state","positivity","Test_39","cce_gaussian","Channel_2","Channel_1",-4.68455025783103
"EEG state","negativity","Test_4","cce_gaussian","Channel_2","Channel_1",-4.45876579384653
"EEG state","positivity","Test_40","cce_gaussian","Channel_2","Channel_1",-3.60405744510675
"EEG state","negativity","Test_41","cce_gaussian","Channel_2","Channel_1",-3.54935043960212
"EEG state","positivity","Test_42","cce_gaussian","Channel_2","Channel_1",-2.5543265246052
"EEG state","positivity","Test_43","cce_gaussian","Channel_2","Channel_1",-3.05673837283997
"EEG state","negativity","Test_44","cce_gaussian","Channel_2","Channel_1",-3.13163377076691
"EEG state","negativity","Test_45","cce_gaussian","Channel_2","Channel_1",-5.7056728230413
"EEG state","positivity","Test_46","cce_gaussian","Channel_2","Channel_1",-2.82368533692109
"EEG state","positivity","Test_47","cce_gaussian","Channel_2","Channel_1",-4.92319177166366
"EEG state","negativity","Test_48","cce_gaussian","Channel_2","Channel_1",-2.3981346931786
"EEG state","positivity","Test_49","cce_gaussian","Channel_2","Channel_1",-4.45063348475677
"EEG state","negativity","Test_5","cce_gaussian","Channel_2","Channel_1",-3.92770781590697
"EEG state","negativity","Test_50","cce_gaussian","Channel_2","Channel_1",-4.5047122875576
"EEG state","positivity","Test_51","cce_gaussian","Channel_2","Channel_1",-0.724643129668288
"EEG state","negativity","Test_52","cce_gaussian","Channel_2","Channel_1",-3.31187547600918
"EEG state","negativity","Test_53","cce_gaussian","Channel_2","Channel_1",-3.46959895962015
"EEG state","negativity","Test_54","cce_gaussian","Channel_2","Channel_1",-2.8840051294877
"EEG state","negativity","Test_55","cce_gaussian","Channel_2","Channel_1",-2.7484036478996
"EEG state","negativity","Test_56","cce_gaussian","Channel_2","Channel_1",-4.60436247124227
"EEG state","negativity","Test_57","cce_gaussian","Channel_2","Channel_1",-3.08347074967949
"EEG state","negativity","Test_58","cce_gaussian","Channel_2","Channel_1",-3.65909505976328
"EEG state","negativity","Test_59","cce_gaussian","Channel_2","Channel_1",-2.44795408405942
"EEG state","negativity","Test_6","cce_gaussian","Channel_2","Channel_1",-4.78293219570688
"EEG state","negativity","Test_60","cce_gaussian","Channel_2","Channel_1",-2.94924225386942
"EEG state","positivity","Test_61","cce_gaussian","Channel_2","Channel_1",-2.29431525631263
"EEG state","positivity","Test_62","cce_gaussian","Channel_2","Channel_1",-3.24245154028708
"EEG state","positivity","Test_63","cce_gaussian","Channel_2","Channel_1",-3.09354967014531
"EEG state","positivity","Test_64","cce_gaussian","Channel_2","Channel_1",-4.73322953680141
"EEG state","positivity","Test_65","cce_gaussian","Channel_2","Channel_1",-3.57408277823984
"EEG state","negativity","Test_66","cce_gaussian","Channel_2","Channel_1",-5.48956989617858
"EEG state","positivity","Test_67","cce_gaussian","Channel_2","Channel_1",-3.79959777088491
"EEG state","positivity","Test_68","cce_gaussian","Channel_2","Channel_1",-5.66795662099994
"EEG state","positivity","Test_69","cce_gaussian","Channel_2","Channel_1",-3.21027058665156
"EEG state","negativity","Test_7","cce_gaussian","Channel_2","Channel_1",-2.7165536116702
"EEG state","negativity","Test_70","cce_gaussian","Channel_2","Channel_1",-5.38465769528985
"EEG state","negativity","Test_71","cce_gaussian","Channel_2","Channel_1",-3.27095467703568
"EEG state","negativity","Test_72","cce_gaussian","Channel_2","Channel_1",-2.95418123210063
"EEG state","positivity","Test_73","cce_gaussian","Channel_2","Channel_1",-4.40845181084319
"EEG state","negativity","Test_74","cce_gaussian","Channel_2","Channel_1",-4.53243029268505
"EEG state","negativity","Test_75","cce_gaussian","Channel_2","Channel_1",-3.1040991097412
"EEG state","positivity","Test_76","cce_gaussian","Channel_2","Channel_1",-3.77208420200742
"EEG state","negativity","Test_77","cce_gaussian","Channel_2","Channel_1",-2.53549254408023
"EEG state","negativity","Test_78","cce_gaussian","Channel_2","Channel_1",-1.55478183152874
"EEG state","negativity","Test_79","cce_gaussian","Channel_2","Channel_1",-2.77688934113636
"EEG state","negativity","Test_8","cce_gaussian","Channel_2","Channel_1",-4.42094028454364
"EEG state","negativity","Test_80","cce_gaussian","Channel_2","Channel_1",-3.41282475149537
"EEG state","negativity","Test_81","cce_gaussian","Channel_2","Channel_1",-3.75676985561398
"EEG state","negativity","Test_82","cce_gaussian","Channel_2","Channel_1",-5.93009630201835
"EEG state","positivity","Test_83","cce_gaussian","Channel_2","Channel_1",-4.24288787701545
"EEG state","negativity","Test_84","cce_gaussian","Channel_2","Channel_1",-1.92109452291224
"EEG state","negativity","Test_85","cce_gaussian","Channel_2","Channel_1",-1.76615013011789
"EEG state","positivity","Test_86","cce_gaussian","Channel_2","Channel_1",-6.60888756813263
"EEG state","positivity","Test_87","cce_gaussian","Channel_2","Channel_1",-5.37418237298034
"EEG state","negativity","Test_88","cce_gaussian","Channel_2","Channel_1",-2.90808714663391
"EEG state","negativity","Test_89","cce_gaussian","Channel_2","Channel_1",-4.56125229567635
"EEG state","negativity","Test_9","cce_gaussian","Channel_2","Channel_1",-3.38511363907006
"EEG state","positivity","Test_90","cce_gaussian","Channel_2","Channel_1",-3.58800126406047
"EEG state","positivity","Test_91","cce_gaussian","Channel_2","Channel_1",-5.26469866903819
"EEG state","positivity","Test_92","cce_gaussian","Channel_2","Channel_1",-6.95754484172168
"EEG state","positivity","Test_93","cce_gaussian","Channel_2","Channel_1",-4.3057377470133
"EEG state","positivity","Test_94","cce_gaussian","Channel_2","Channel_1",-3.83015298275372
"EEG state","negativity","Test_95","cce_gaussian","Channel_2","Channel_1",-5.04061845286913
"EEG state","positivity","Test_96","cce_gaussian","Channel_2","Channel_1",-2.82071185773556
"EEG state","negativity","Test_97","cce_gaussian","Channel_2","Channel_1",-4.86498501115141
"EEG state","negativity","Test_98","cce_gaussian","Channel_2","Channel_1",-5.75271162508953
"EEG state","positivity","Test_99","cce_gaussian","Channel_2","Channel_1",-3.58475253375946
"EEG state","negativity","Train_1","cce_gaussian","Channel_2","Channel_1",-2.00362678927796
"EEG state","negativity","Train_10","cce_gaussian","Channel_2","Channel_1",-0.291384545973227
"EEG state","negativity","Train_100","cce_gaussian","Channel_2","Channel_1",-3.64886109674592
"EEG state","negativity","Train_101","cce_gaussian","Channel_2","Channel_1",-0.757858561449045
"EEG state","negativity","Train_102","cce_gaussian","Channel_2","Channel_1",-1.52713965336591
"EEG state","negativity","Train_103","cce_gaussian","Channel_2","Channel_1",-2.70613154809385
"EEG state","negativity","Train_104","cce_gaussian","Channel_2","Channel_1",-1.20296053442296
"EEG state","negativity","Train_105","cce_gaussian","Channel_2","Channel_1",-2.15267672000431
"EEG state","negativity","Train_106","cce_gaussian","Channel_2","Channel_1",-0.845508903070337
"EEG state","negativity","Train_107","cce_gaussian","Channel_2","Channel_1",-1.8373376379307
"EEG state","negativity","Train_108","cce_gaussian","Channel_2","Channel_1",-2.13992016397034
"EEG state","negativity","Train_109","cce_gaussian","Channel_2","Channel_1",-3.17555791096095
"EEG state","negativity","Train_11","cce_gaussian","Channel_2","Channel_1",-3.18804561887585
"EEG state","negativity","Train_110","cce_gaussian","Channel_2","Channel_1",-1.93002525283966
"EEG state","negativity","Train_111","cce_gaussian","Channel_2","Channel_1",0.705093502288985
"EEG state","negativity","Train_112","cce_gaussian","Channel_2","Channel_1",-0.440786283336966
"EEG state","negativity","Train_113","cce_gaussian","Channel_2","Channel_1",-3.87359585690984
"EEG state","negativity","Train_114","cce_gaussian","Channel_2","Channel_1",-2.92084049378091
"EEG state","negativity","Train_115","cce_gaussian","Channel_2","Channel_1",0.443052245605484
"EEG state","negativity","Train_116","cce_gaussian","Channel_2","Channel_1",-2.41868175189389
"EEG state","negativity","Train_117","cce_gaussian","Channel_2","Channel_1",-1.47945414233223
"EEG state","negativity","Train_118","cce_gaussian","Channel_2","Channel_1",-1.99618322877627
"EEG state","negativity","Train_119","cce_gaussian","Channel_2","Channel_1",-2.05217622903408
"EEG state","negativity","Train_12","cce_gaussian","Channel_2","Channel_1",-3.28673200589447
"EEG state","negativity","Train_120","cce_gaussian","Channel_2","Channel_1",-4.02765326697223
"EEG state","negativity","Train_121","cce_gaussian","Channel_2","Channel_1",-1.36747350343662
"EEG state","negativity","Train_122","cce_gaussian","Channel_2","Channel_1",-1.63354282965805
"EEG state","negativity","Train_123","cce_gaussian","Channel_2","Channel_1",-2.79379086970861
"EEG state","negativity","Train_124","cce_gaussian","Channel_2","Channel_1",-1.46521786260075
"EEG state","negativity","Train_125","cce_gaussian","Channel_2","Channel_1",-1.80282471296539
"EEG state","negativity","Train_126","cce_gaussian","Channel_2","Channel_1",-3.00743512869149
"EEG state","negativity","Train_127","cce_gaussian","Channel_2","Channel_1",-1.20747321775211
"EEG state","negativity","Train_128","cce_gaussian","Channel_2","Channel_1",-4.79351549570686
"EEG state","negativity","Train_129","cce_gaussian","Channel_2","Channel_1",-2.41338719766352
"EEG state","negativity","Train_13","cce_gaussian","Channel_2","Channel_1",-1.36440203460124
"EEG state","negativity","Train_130","cce_gaussian","Channel_2","Channel_1",-1.54755901216145
"EEG state","negativity","Train_131","cce_gaussian","Channel_2","Channel_1",-2.29903724699192
"EEG state","negativity","Train_132","cce_gaussian","Channel_2","Channel_1",-2.00697653513583
"EEG state","negativity","Train_133","cce_gaussian","Channel_2","Channel_1",-0.136661534523584
"EEG state","negativity","Train_134","cce_gaussian","Channel_2","Channel_1",-1.87189229588604
"EEG state","negativity","Train_135","cce_gaussian","Channel_2","Channel_1",-2.46600554160775
"EEG state","positivity","Train_136","cce_gaussian","Channel_2","Channel_1",-4.03516318905322
"EEG state","positivity","Train_137","cce_gaussian","Channel_2","Channel_1",-4.1019741598892
"EEG state","positivity","Train_138","cce_gaussian","Channel_2","Channel_1",-5.82017283282911
"EEG state","positivity","Train_139","cce_gaussian","Channel_2","Channel_1",-4.83097475324692
"EEG state","negativity","Train_14","cce_gaussian","Channel_2","Channel_1",-2.44266587375493
"EEG state","positivity","Train_140","cce_gaussian","Channel_2","Channel_1",-5.01288589572236
"EEG state","positivity","Train_141","cce_gaussian","Channel_2","Channel_1",0.012371697247582
"EEG state","positivity","Train_142","cce_gaussian","Channel_2","Channel_1",-5.92076316232196
"EEG state","positivity","Train_143","cce_gaussian","Channel_2","Channel_1",-0.413257942908104
"EEG state","positivity","Train_144","cce_gaussian","Channel_2","Channel_1",-2.44735922384269
"EEG state","positivity","Train_145","cce_gaussian","Channel_2","Channel_1",-3.60899720771929
"EEG state","positivity","Train_146","cce_gaussian","Channel_2","Channel_1",-5.40499926476323
"EEG state","positivity","Train_147","cce_gaussian","Channel_2","Channel_1",-3.62587410625656
"EEG state","positivity","Train_148","cce_gaussian","Channel_2","Channel_1",-3.91746138842931
"EEG state","positivity","Train_149","cce_gaussian","Channel_2","Channel_1",-5.26432270980975
"EEG state","negativity","Train_15","cce_gaussian","Channel_2","Channel_1",-3.56519329518446
"EEG state","positivity","Train_150","cce_gaussian","Channel_2","Channel_1",-2.95957152063733
"EEG state","positivity","Train_151","cce_gaussian","Channel_2","Channel_1",-1.99076471440128
"EEG state","positivity","Train_152","cce_gaussian","Channel_2","Channel_1",-3.19986473024977
"EEG state","positivity","Train_153","cce_gaussian","Channel_2","Channel_1",-2.07158924539083
"EEG state","positivity","Train_154","cce_gaussian","Channel_2","Channel_1",-0.386294187993552
"EEG state","positivity","Train_155","cce_gaussian","Channel_2","Channel_1",-0.366217553219381
"EEG state","positivity","Train_156","cce_gaussian","Channel_2","Channel_1",-2.69915870680874
"EEG state","positivity","Train_157","cce_gaussian","Channel_2","Channel_1",-1.46512444952612
"EEG state","positivity","Train_158","cce_gaussian","Channel_2","Channel_1",-4.90307426408979
"EEG state","positivity","Train_159","cce_gaussian","Channel_2","Channel_1",-6.62889006558617
"EEG state","negativity","Train_16","cce_gaussian","Channel_2","Channel_1",-3.06255909924758
"EEG state","positivity","Train_160","cce_gaussian","Channel_2","Channel_1",-2.81841770871063
"EEG state","positivity","Train_161","cce_gaussian","Channel_2","Channel_1",-3.92835728678098
"EEG state","positivity","Train_162","cce_gaussian","Channel_2","Channel_1",-3.67885934126367
"EEG state","positivity","Train_163","cce_gaussian","Channel_2","Channel_1",0.420051691615279
"EEG state","positivity","Train_164","cce_gaussian","Channel_2","Channel_1",-3.40156927432637
"EEG state","positivity","Train_165","cce_gaussian","Channel_2","Channel_1",-4.08512857674995
"EEG state","positivity","Train_166","cce_gaussian","Channel_2","Channel_1",-2.5164158936926
"EEG state","positivity","Train_167","cce_gaussian","Channel_2","Channel_1",-4.4970802594134
"EEG state","positivity","Train_168","cce_gaussian","Channel_2","Channel_1",-4.88959898073753
"EEG state","positivity","Train_169","cce_gaussian","Channel_2","Channel_1",-5.9076697544758
"EEG state","negativity","Train_17","cce_gaussian","Channel_2","Channel_1",-0.851679309452652
"EEG state","positivity","Train_170","cce_gaussian","Channel_2","Channel_1",-1.60114825611028
"EEG state","positivity","Train_171","cce_gaussian","Channel_2","Channel_1",-5.05511407759156
"EEG state","positivity","Train_172","cce_gaussian","Channel_2","Channel_1",-3.08247605257584
"EEG state","positivity","Train_173","cce_gaussian","Channel_2","Channel_1",-4.19694485253715
"EEG state","positivity","Train_174","cce_gaussian","Channel_2","Channel_1",-2.51287399188406
"EEG state","positivity","Train_175","cce_gaussian","Channel_2","Channel_1",-6.52468444424882
"EEG state","positivity","Train_176","cce_gaussian","Channel_2","Channel_1",-3.80937404026083
"EEG state","positivity","Train_177","cce_gaussian","Channel_2","Channel_1",-3.3443975135982
"EEG state","positivity","Train_178","cce_gaussian","Channel_2","Channel_1",-1.48637026967572
"EEG state","positivity","Train_179","cce_gaussian","Channel_2","Channel_1",-2.64986714737004
"EEG state","negativity","Train_18","cce_gaussian","Channel_2","Channel_1",-2.75277417201615
"EEG state","positivity","Train_180","cce_gaussian","Channel_2","Channel_1",-3.80385173834205
"EEG state","positivity","Train_181","cce_gaussian","Channel_2","Channel_1",-3.33338841698946
"EEG state","positivity","Train_182","cce_gaussian","Channel_2","Channel_1",-5.1028823012624
"EEG state","positivity","Train_183","cce_gaussian","Channel_2","Channel_1",-4.06066960581299
"EEG state","positivity","Train_184","cce_gaussian","Channel_2","Channel_1",-3.05689346289093
"EEG state","positivity","Train_185","cce_gaussian","Channel_2","Channel_1",-4.48589295772353
"EEG state","positivity","Train_186","cce_gaussian","Channel_2","Channel_1",-2.7433956063392
"EEG state","positivity","Train_187","cce_gaussian","Channel_2","Channel_1",-3.02155349456108
"EEG state","positivity","Train_188","cce_gaussian","Channel_2","Channel_1",-1.7192056334401
"EEG state","positivity","Train_189","cce_gaussian","Channel_2","Channel_1",-1.62880150226602
"EEG state","negativity","Train_19","cce_gaussian","Channel_2","Channel_1",-0.266696042589512
"EEG state","positivity","Train_190","cce_gaussian","Channel_2","Channel_1",-4.61950403916896
"EEG state","positivity","Train_191","cce_gaussian","Channel_2","Channel_1",-4.40802073829304
"EEG state","positivity","Train_192","cce_gaussian","Channel_2","Channel_1",-2.83240882991327
"EEG state","positivity","Train_193","cce_gaussian","Channel_2","Channel_1",-3.81239577051351
"EEG state","positivity","Train_194","cce_gaussian","Channel_2","Channel_1",-2.80289698570683
"EEG state","positivity","Train_195","cce_gaussian","Channel_2","Channel_1",-3.81385289916434
"EEG state","positivity","Train_196","cce_gaussian","Channel_2","Channel_1",-4.14749187438697
"EEG state","positivity","Train_197","cce_gaussian","Channel_2","Channel_1",-4.3042536738092
"EEG state","positivity","Train_198","cce_gaussian","Channel_2","Channel_1",-3.67289001460498
"EEG state","positivity","Train_199","cce_gaussian","Channel_2","Channel_1",-3.46797785996725
"EEG state","negativity","Train_2","cce_gaussian","Channel_2","Channel_1",-1.06319735121903
"EEG state","negativity","Train_20","cce_gaussian","Channel_2","Channel_1",-2.07802924278364
"EEG state","positivity","Train_200","cce_gaussian","Channel_2","Channel_1",-1.91392113863735
"EEG state","positivity","Train_201","cce_gaussian","Channel_2","Channel_1",-2.71771023304819
"EEG state","positivity","Train_202","cce_gaussian","Channel_2","Channel_1",-5.79049352185815
"EEG state","positivity","Train_203","cce_gaussian","Channel_2","Channel_1",-5.06290614147253
"EEG state","positivity","Train_204","cce_gaussian","Channel_2","Channel_1",-2.42540246078929
"EEG state","positivity","Train_205","cce_gaussian","Channel_2","Channel_1",-1.07358224804817
"EEG state","positivity","Train_206","cce_gaussian","Channel_2","Channel_1",-4.92210945312871
"EEG state","positivity","Train_207","cce_gaussian","Channel_2","Channel_1",-3.05124849060987
"EEG state","positivity","Train_208","cce_gaussian","Channel_2","Channel_1",-3.34028666817691
"EEG state","positivity","Train_209","cce_gaussian","Channel_2","Channel_1",-3.32959441911503
"EEG state","negativity","Train_21","cce_gaussian","Channel_2","Channel_1",-1.526837686924
"EEG state","positivity","Train_210","cce_gaussian","Channel_2","Channel_1",-2.07733588712683
"EEG state","positivity","Train_211","cce_gaussian","Channel_2","Channel_1",-4.28325426355329
"EEG state","positivity","Train_212","cce_gaussian","Channel_2","Channel_1",-4.15368923986287
"EEG state","positivity","Train_213","cce_gaussian","Channel_2","Channel_1",-2.64000684616006
"EEG state","positivity","Train_214","cce_gaussian","Channel_2","Channel_1",-0.113675448631188
"EEG state","positivity","Train_215","cce_gaussian","Channel_2","Channel_1",-2.93330348715119
"EEG state","positivity","Train_216","cce_gaussian","Channel_2","Channel_1",-5.91277189532302
"EEG state","positivity","Train_217","cce_gaussian","Channel_2","Channel_1",-2.26064424236303
"EEG state","positivity","Train_218","cce_gaussian","Channel_2","Channel_1",-4.58643732047546
"EEG state","positivity","Train_219","cce_gaussian","Channel_2","Channel_1",-5.95282910234503
"EEG state","negativity","Train_22","cce_gaussian","Channel_2","Channel_1",-0.449951728477591
"EEG state","positivity","Train_220","cce_gaussian","Channel_2","Channel_1",-3.61943040377522
"EEG state","positivity","Train_221","cce_gaussian","Channel_2","Channel_1",-4.91491409083659
"EEG state","positivity","Train_222","cce_gaussian","Channel_2","Channel_1",-7.29261872287257
"EEG state","positivity","Train_223","cce_gaussian","Channel_2","Channel_1",-5.780629113225
"EEG state","positivity","Train_224","cce_gaussian","Channel_2","Channel_1",-2.6126972975658
"EEG state","positivity","Train_225","cce_gaussian","Channel_2","Channel_1",-3.67480221783827
"EEG state","positivity","Train_226","cce_gaussian","Channel_2","Channel_1",-3.63972638766512
"EEG state","positivity","Train_227","cce_gaussian","Channel_2","Channel_1",-2.58774984745786
"EEG state","positivity","Train_228","cce_gaussian","Channel_2","Channel_1",-4.22911303510022
"EEG state","positivity","Train_229","cce_gaussian","Channel_2","Channel_1",-3.14443939825247
"EEG state","negativity","Train_23","cce_gaussian","Channel_2","Channel_1",-3.03146256519769
"EEG state","positivity","Train_230","cce_gaussian","Channel_2","Channel_1",-4.09415060935282
"EEG state","positivity","Train_231","cce_gaussian","Channel_2","Channel_1",-5.47663504498425
"EEG state","positivity","Train_232","cce_gaussian","Channel_2","Channel_1",-4.08261091035845
"EEG state","positivity","Train_233","cce_gaussian","Channel_2","Channel_1",-4.31627591936736
"EEG state","positivity","Train_234","cce_gaussian","Channel_2","Channel_1",-3.32928189539363
"EEG state","positivity","Train_235","cce_gaussian","Channel_2","Channel_1",-4.32969609519124
"EEG state","positivity","Train_236","cce_gaussian","Channel_2","Channel_1",-3.90310989833447
"EEG state","positivity","Train_237","cce_gaussian","Channel_2","Channel_1",-0.787637110936673
"EEG state","positivity","Train_238","cce_gaussian","Channel_2","Channel_1",-3.07441512468945
"EEG state","positivity","Train_239","cce_gaussian","Channel_2","Channel_1",-3.15886914686033
"EEG state","negativity","Train_24","cce_gaussian","Channel_2","Channel_1",-2.90236834169505
"EEG state","positivity","Train_240","cce_gaussian","Channel_2","Channel_1",-3.06472520779393
"EEG state","positivity","Train_241","cce_gaussian","Channel_2","Channel_1",-3.90690342031598
"EEG state","positivity","Train_242","cce_gaussian","Channel_2","Channel_1",-6.22415445844734
"EEG state","positivity","Train_243","cce_gaussian","Channel_2","Channel_1",-5.48624913561829
"EEG state","positivity","Train_244","cce_gaussian","Channel_2","Channel_1",-5.44349189595236
"EEG state","positivity","Train_245","cce_gaussian","Channel_2","Channel_1",-2.8389662343282
"EEG state","positivity","Train_246","cce_gaussian","Channel_2","Channel_1",-2.21611717307974
"EEG state","positivity","Train_247","cce_gaussian","Channel_2","Channel_1",-3.33486697643752
"EEG state","positivity","Train_248","cce_gaussian","Channel_2","Channel_1",-3.84488760635552
"EEG state","positivity","Train_249","cce_gaussian","Channel_2","Channel_1",-5.5162829241008
"EEG state","negativity","Train_25","cce_gaussian","Channel_2","Channel_1",-1.15618343996052
"EEG state","positivity","Train_250","cce_gaussian","Channel_2","Channel_1",-4.35352745021578
"EEG state","positivity","Train_251","cce_gaussian","Channel_2","Channel_1",-3.05159066841479
"EEG state","positivity","Train_252","cce_gaussian","Channel_2","Channel_1",-5.32010238269724
"EEG state","positivity","Train_253","cce_gaussian","Channel_2","Channel_1",-0.179017608275921
"EEG state","positivity","Train_254","cce_gaussian","Channel_2","Channel_1",-1.40380427094659
"EEG state","positivity","Train_255","cce_gaussian","Channel_2","Channel_1",-2.50844413725862
"EEG state","positivity","Train_256","cce_gaussian","Channel_2","Channel_1",-3.84070671149908
"EEG state","positivity","Train_257","cce_gaussian","Channel_2","Channel_1",-4.10149136235202
"EEG state","positivity","Train_258","cce_gaussian","Channel_2","Channel_1",-5.98941230398864
"EEG state","positivity","Train_259","cce_gaussian","Channel_2","Channel_1",-0.722479039175564
"EEG state","negativity","Train_26","cce_gaussian","Channel_2","Channel_1",-0.356844446006884
"EEG state","positivity","Train_260","cce_gaussian","Channel_2","Channel_1",-3.33970632276684
"EEG state","positivity","Train_261","cce_gaussian","Channel_2","Channel_1",0.143502287282342
"EEG state","positivity","Train_262","cce_gaussian","Channel_2","Channel_1",-4.24404810704037
"EEG state","positivity","Train_263","cce_gaussian","Channel_2","Channel_1",-2.86435540236426
"EEG state","positivity","Train_264","cce_gaussian","Channel_2","Channel_1",-3.06079710144852
"EEG state","positivity","Train_265","cce_gaussian","Channel_2","Channel_1",-6.82324880716558
"EEG state","positivity","Train_266","cce_gaussian","Channel_2","Channel_1",-4.0617176344313
"EEG state","positivity","Train_267","cce_gaussian","Channel_2","Channel_1",-6.01179102345123
"EEG state","positivity","Train_268","cce_gaussian","Channel_2","Channel_1",-0.823445263486217
"EEG state","negativity","Train_27","cce_gaussian","Channel_2","Channel_1",-2.0522700285798
"EEG state","negativity","Train_28","cce_gaussian","Channel_2","Channel_1",0.173156158515095
"EEG state","negativity","Train_29","cce_gaussian","Channel_2","Channel_1",0.272978073906246
"EEG state","negativity","Train_3","cce_gaussian","Channel_2","Channel_1",-2.168925558017
"EEG state","negativity","Train_30","cce_gaussian","Channel_2","Channel_1",-0.793568530035132
"EEG state","negativity","Train_31","cce_gaussian","Channel_2","Channel_1",-3.7929739121541
"EEG state","negativity","Train_32","cce_gaussian","Channel_2","Channel_1",-1.22759977220364
"EEG state","negativity","Train_33","cce_gaussian","Channel_2","Channel_1",-4.53404782083909
"EEG state","negativity","Train_34","cce_gaussian","Channel_2","Channel_1",-4.00919401714713
"EEG state","negativity","Train_35","cce_gaussian","Channel_2","Channel_1",-2.66839500224175
"EEG state","negativity","Train_36","cce_gaussian","Channel_2","Channel_1",0.169784288333006
"EEG state","negativity","Train_37","cce_gaussian","Channel_2","Channel_1",-0.956056710255126
"EEG state","negativity","Train_38","cce_gaussian","Channel_2","Channel_1",-3.42198375121691
"EEG state","negativity","Train_39","cce_gaussian","Channel_2","Channel_1",-2.23925180705173
"EEG state","negativity","Train_4","cce_gaussian","Channel_2","Channel_1",-3.5101753813787
"EEG state","negativity","Train_40","cce_gaussian","Channel_2","Channel_1",-2.5457900556327
"EEG state","negativity","Train_41","cce_gaussian","Channel_2","Channel_1",-4.61658705017946
"EEG state","negativity","Train_42","cce_gaussian","Channel_2","Channel_1",-3.86155143328854
"EEG state","negativity","Train_43","cce_gaussian","Channel_2","Channel_1",-2.24186985773523
"EEG state","negativity","Train_44","cce_gaussian","Channel_2","Channel_1",-4.00917704379477
"EEG state","negativity","Train_45","cce_gaussian","Channel_2","Channel_1",-4.9066878706828
"EEG state","negativity","Train_46","cce_gaussian","Channel_2","Channel_1",-2.61004492078809
"EEG state","negativity","Train_47","cce_gaussian","Channel_2","Channel_1",-1.66332544172155
"EEG state","negativity","Train_48","cce_gaussian","Channel_2","Channel_1",-5.86681664295381
"EEG state","negativity","Train_49","cce_gaussian","Channel_2","Channel_1",-1.66707238103146
"EEG state","negativity","Train_5","cce_gaussian","Channel_2","Channel_1",-4.40873636738669
"EEG state","negativity","Train_50","cce_gaussian","Channel_2","Channel_1",-3.37010589288654
"EEG state","negativity","Train_51","cce_gaussian","Channel_2","Channel_1",-0.646888102935402
"EEG state","negativity","Train_52","cce_gaussian","Channel_2","Channel_1",-2.60166744802599
"EEG state","negativity","Train_53","cce_gaussian","Channel_2","Channel_1",-3.14994193467625
"EEG state","negativity","Train_54","cce_gaussian","Channel_2","Channel_1",-3.53466801710963
"EEG state","negativity","Train_55","cce_gaussian","Channel_2","Channel_1",-2.25017137918668
"EEG state","negativity","Train_56","cce_gaussian","Channel_2","Channel_1",-2.62668547812974
"EEG state","negativity","Train_57","cce_gaussian","Channel_2","Channel_1",-2.45452775543654
"EEG state","negativity","Train_58","cce_gaussian","Channel_2","Channel_1",-2.85276399794276
"EEG state","negativity","Train_59","cce_gaussian","Channel_2","Channel_1",0.671959682028278
"EEG state","negativity","Train_6","cce_gaussian","Channel_2","Channel_1",0.583224710846794
"EEG state","negativity","Train_60","cce_gaussian","Channel_2","Channel_1",-0.532483867448386
"EEG state","negativity","Train_61","cce_gaussian","Channel_2","Channel_1",-2.76510052266566
"EEG state","negativity","Train_62","cce_gaussian","Channel_2","Channel_1",-0.832488826763435
"EEG state","negativity","Train_63","cce_gaussian","Channel_2","Channel_1",-3.06007711262503
"EEG state","negativity","Train_64","cce_gaussian","Channel_2","Channel_1",-1.92367110925213
"EEG state","negativity","Train_65","cce_gaussian","Channel_2","Channel_1",-3.83993375094803
"EEG state","negativity","Train_66","cce_gaussian","Channel_2","Channel_1",-3.7336764544744
"EEG state","negativity","Train_67","cce_gaussian","Channel_2","Channel_1",-1.37681342662487
"EEG state","negativity","Train_68","cce_gaussian","Channel_2","Channel_1",-1.69840087468367
"EEG state","negativity","Train_69","cce_gaussian","Channel_2","Channel_1",0.173131345354701
"EEG state","negativity","Train_7","cce_gaussian","Channel_2","Channel_1",-0.0349582212135362
"EEG state","negativity","Train_70","cce_gaussian","Channel_2","Channel_1",-3.00397710731734
"EEG state","negativity","Train_71","cce_gaussian","Channel_2","Channel_1",-1.37506973550891
"EEG state","negativity","Train_72","cce_gaussian","Channel_2","Channel_1",-1.46796971934603
"EEG state","negativity","Train_73","cce_gaussian","Channel_2","Channel_1",-2.39217598877652
"EEG state","negativity","Train_74","cce_gaussian","Channel_2","Channel_1",-1.64763337639726
"EEG state","negativity","Train_75","cce_gaussian","Channel_2","Channel_1",-1.87676417583315
"EEG state","negativity","Train_76","cce_gaussian","Channel_2","Channel_1",-1.32402237206757
"EEG state","negativity","Train_77","cce_gaussian","Channel_2","Channel_1",-2.0079438825246
"EEG state","negativity","Train_78","cce_gaussian","Channel_2","Channel_1",-2.18927914931738
"EEG state","negativity","Train_79","cce_gaussian","Channel_2","Channel_1",-1.68058464319723
"EEG state","negativity","Train_8","cce_gaussian","Channel_2","Channel_1",-2.67782870051097
"EEG state","negativity","Train_80","cce_gaussian","Channel_2","Channel_1",-2.76680302429959
"EEG state","negativity","Train_81","cce_gaussian","Channel_2","Channel_1",-1.29674994906395
"EEG state","negativity","Train_82","cce_gaussian","Channel_2","Channel_1",-3.12351694916116
"EEG state","negativity","Train_83","cce_gaussian","Channel_2","Channel_1",-0.850107949908915
"EEG state","negativity","Train_84","cce_gaussian","Channel_2","Channel_1",-2.03762283003943
"EEG state","negativity","Train_85","cce_gaussian","Channel_2","Channel_1",-2.31269069566147
"EEG state","negativity","Train_86","cce_gaussian","Channel_2","Channel_1",-1.97805395531082
"EEG state","negativity","Train_87","cce_gaussian","Channel_2","Channel_1",-2.93433685683484
"EEG state","negativity","Train_88","cce_gaussian","Channel_2","Channel_1",-3.96104905608449
"EEG state","negativity","Train_89","cce_gaussian","Channel_2","Channel_1",-1.51661870797709
"EEG state","negativity","Train_9","cce_gaussian","Channel_2","Channel_1",-2.3705407050374
"EEG state","negativity","Train_90","cce_gaussian","Channel_2","Channel_1",-0.432256327183425
"EEG state","negativity","Train_91","cce_gaussian","Channel_2","Channel_1",-0.0366723864073877
"EEG state","negativity","Train_92","cce_gaussian","Channel_2","Channel_1",-3.51481878510788
"EEG state","negativity","Train_93","cce_gaussian","Channel_2","Channel_1",-2.81406442045609
"EEG state","negativity","Train_94","cce_gaussian","Channel_2","Channel_1",-2.13058035371651
"EEG state","negativity","Train_95","cce_gaussian","Channel_2","Channel_1",1.30142196448521
"EEG state","negativity","Train_96","cce_gaussian","Channel_2","Channel_1",-2.07664902071908
"EEG state","negativity","Train_97","cce_gaussian","Channel_2","Channel_1",-0.81731284946691
"EEG state","negativity","Train_98","cce_gaussian","Channel_2","Channel_1",-2.49294968238224
"EEG state","negativity","Train_99","cce_gaussian","Channel_2","Channel_1",-1.24537744309715
"fMRI film","movie","sub01","reci","Control","VentralAttention",0.0109492660750729
"fMRI film","rest","sub01","reci","Control","VentralAttention",0.015846219413366
"fMRI film","movie","sub02","reci","Control","VentralAttention",0.0103951463909158
"fMRI film","rest","sub02","reci","Control","VentralAttention",0.018219606514045
"fMRI film","movie","sub03","reci","Control","VentralAttention",0.0174448271242562
"fMRI film","rest","sub03","reci","Control","VentralAttention",0.0201493414412649
"fMRI film","movie","sub04","reci","Control","VentralAttention",0.0194306881432863
"fMRI film","rest","sub04","reci","Control","VentralAttention",0.0138347522909877
"fMRI film","movie","sub05","reci","Control","VentralAttention",0.0130579458787842
"fMRI film","rest","sub05","reci","Control","VentralAttention",0.0203258249720948
"fMRI film","movie","sub06","reci","Control","VentralAttention",0.0146850443370453
"fMRI film","rest","sub06","reci","Control","VentralAttention",0.015724026970238
"fMRI film","movie","sub07","reci","Control","VentralAttention",0.0129198930653333
"fMRI film","rest","sub07","reci","Control","VentralAttention",0.0196852938590309
"fMRI film","movie","sub08","reci","Control","VentralAttention",0.0188935498276934
"fMRI film","rest","sub08","reci","Control","VentralAttention",0.0176206368826512
"fMRI film","movie","sub09","reci","Control","VentralAttention",0.0130283634195737
"fMRI film","rest","sub09","reci","Control","VentralAttention",0.0177286320443692
"fMRI film","movie","sub10","reci","Control","VentralAttention",0.0146614469190539
"fMRI film","rest","sub10","reci","Control","VentralAttention",0.0150022115799589
"fMRI film","movie","sub11","reci","Control","VentralAttention",0.0152511387267959
"fMRI film","rest","sub11","reci","Control","VentralAttention",0.0163935211947778
"fMRI film","movie","sub12","reci","Control","VentralAttention",0.0146473353956647
"fMRI film","rest","sub12","reci","Control","VentralAttention",0.0152472043386593
"fMRI film","movie","sub13","reci","Control","VentralAttention",0.013700703020835
"fMRI film","rest","sub13","reci","Control","VentralAttention",0.0196732524654051
"fMRI film","movie","sub14","reci","Control","VentralAttention",0.00859340908519874
"fMRI film","rest","sub14","reci","Control","VentralAttention",0.0191689296735585
"fMRI film","movie","sub15","reci","Control","VentralAttention",0.0144731227406761
"fMRI film","rest","sub15","reci","Control","VentralAttention",0.0232878742808339
"fMRI film","movie","sub16","reci","Control","VentralAttention",0.0150833386427903
"fMRI film","rest","sub16","reci","Control","VentralAttention",0.0153990307768776
"fMRI film","movie","sub17","reci","Control","VentralAttention",0.013335365890117
"fMRI film","rest","sub17","reci","Control","VentralAttention",0.0206470488017809
"fMRI film","movie","sub18","reci","Control","VentralAttention",0.0128517462408742
"fMRI film","rest","sub18","reci","Control","VentralAttention",0.00844380255842318
"fMRI film","movie","sub19","reci","Control","VentralAttention",0.0138555130304232
"fMRI film","rest","sub19","reci","Control","VentralAttention",0.0201600689613533
"fMRI film","movie","sub20","reci","Control","VentralAttention",0.00888650384790599
"fMRI film","rest","sub20","reci","Control","VentralAttention",0.0136221350189097
"fMRI film","movie","sub21","reci","Control","VentralAttention",0.0162469977865099
"fMRI film","rest","sub21","reci","Control","VentralAttention",0.0133344315928522
"fMRI film","movie","sub22","reci","Control","VentralAttention",0.012134619512546
"fMRI film","rest","sub22","reci","Control","VentralAttention",0.0156670267453008
"fMRI film","movie","sub23","reci","Control","VentralAttention",0.0113051576171564
"fMRI film","rest","sub23","reci","Control","VentralAttention",0.0176466562607868
"fMRI film","movie","sub24","reci","Control","VentralAttention",0.0114305255433404
"fMRI film","rest","sub24","reci","Control","VentralAttention",0.0116063425799318
"fMRI film","movie","sub25","reci","Control","VentralAttention",0.0152617470012024
"fMRI film","rest","sub25","reci","Control","VentralAttention",0.0238124822771324
"fMRI film","movie","sub26","reci","Control","VentralAttention",0.0134232169772013
"fMRI film","rest","sub26","reci","Control","VentralAttention",0.017155722878678
"fMRI film","movie","sub27","reci","Control","VentralAttention",0.0109430372663459
"fMRI film","rest","sub27","reci","Control","VentralAttention",0.0231349240787602
"fMRI film","movie","sub28","reci","Control","VentralAttention",0.0146837267644522
"fMRI film","rest","sub28","reci","Control","VentralAttention",0.0161050330727397
"fMRI film","movie","sub29","reci","Control","VentralAttention",0.0156450344255649
"fMRI film","rest","sub29","reci","Control","VentralAttention",0.0192834533238618
